content,score
不建议国内小长假来龙门和少林寺体验实在不佳唯独这季节盛开的牡丹花倾国倾城也算安抚了一下我的心情,1
景区问题:龙门石窟管理混乱，检票口，电瓶车都没要团散分开，通行速度特别慢，耽误时间。小宋城吃饭环境太差，连坐的地方都没有，桌上也没人收拾，菜也一般，特别混乱，建议不要再安排在那里吃饭了。酒店:伊川丽都大酒店和新密承誉德大酒店都非常好，环境，服务，早餐都不错，推荐新密酒店。费用问题:行程收了50元，30元竟然是导游讲解器钱，乱收费，这些都应该是旅行社免费提供的，要求退费。20元为龙门石窟电瓶车钱，可行程里未提到。吃饭问题:整个行程就一顿团餐，素斋，馒头都发霉了，如下图，特别黄，实在是不敢吃。,1
首先国庆出游路上非常堵，景点人非常多，这个我们第一次去的游客不了解情况，但是携程与当地合作的旅行社应该非常清楚，所以行程上应该注明出发时间会非常早，结束时间也会非常晚，这样我就不会选择报团了。我们两天的出发时间均在早上六点四十，而不是订单注明的八点半。整个行程时间均不是按照订单走的。所以导致每天五点多起床然后急匆匆的吃完早饭，然后一路堵车，然后景点由于人多，进程很慢。第一天游玩后到酒店近晚上十一点，第二天的清明上河园也是急匆匆看了一圈，又急匆匆去小宋城吃了午饭。整体游玩感觉很不舒服，玩也没玩好，吃也没吃好。总结，以后千万不要选择黄金周期间国内游，玩的话早订票订房自助游，起码还能吃个踏实饭！同时不再信任国内的旅游团，伸缩性太大！,1
整个出行还算顺利，导游也是忙前忙后服务比较周到。就是我一开始上的大巴，到了目的地就分去别的导游那里了，因为人少，景点间的用车就很一般，体验不太好。整体行程走马观花比较匆忙，可能我体力不好，总是掉队。,1
导游还不错，酒店也不错，但是不是真正的纯玩团。最后一天上午大概逛凤凰半小时，购物点却逛了3个小时。希望有购物就写清楚，毕竟有苗寨购物的团比这个便宜多了。订这个的朋友最后一天可以晚点起床，多休息一下，不去购物。,1
我对我接下来说的每一句话负责任！这个行程真是太差了！！！整个行程马不停蹄。我腰都累犯病了。除了坐车就是在等人。而且明明标明是最多30人团，实际是好多伙客人拼凑，多达31人。住宿条件极差，选的都是备选酒店里最便宜的。还什么四钻行程，我看连3钻都不配。在凤凰走了很多很多的路。行程安排极其不合理。所有的自费小交通（环保车之类的）导游根本不给你选择，直接把票买好了。根本不会告诉你，如果步行游览需要走什么路线。太坑太坑了！接下来准备自由行了。携程高销量也不可信任。,1
一般般般般,1
菜量较小味道过咸，肉基本都是肥肉，自费的项目本来应该可以自己选的，但导游强制要交，最后要强制好评,1
我们选的是3日2晚，张家界大峡谷/天门山和芙蓉镇/凤凰古城。张家界/天门山导游李赵是一位非常出色的导游，细致敬业。而凤凰/芙蓉镇的导游却完全放羊，交代不清楚，游客找不到他，更谈不上有什么讲解。更不可思议的是在回长沙的路上让游客当着他面给好评。虽说本团无购物，但一个非物质文化遗产讲解员还是带我们去茶叶铺和银器店购物。张家界/天门山李导5星凤凰/芙蓉镇谢导2星,1
本次旅行是在五一出行，知道并理解五一人会多，景点会排队，都理解。但是这次报团就相当于自由行，导游到点就让我们自由活动，景点都不讲解，中途去凤凰古城的行程上换导游，结果下一个导游都不***，第一个导游先走了，我们就在停车场从一点多等到三点半。没人管我们，，，，还是问了同行的团友才知道第二个导游电话，才联系到。到了墨戎苗寨，上了车，第二个导游一句解释也没有。，，，七点半了苗寨，讲解员套路我们，打着扶贫的名义卖茶，结果全团的人都怒了，我们都想赶着去凤凰古城看夜景，路上还有三个小时，他还在卖茶，还没叫我们吃晚饭.超级无语和愤怒。第二个导游文颖，全程基本不讲解，全程相当于自助游，而且基本都是我们在找她，经常见不到她一个人在哪。回去的车上，导游还要一个一个给她好评，我想说她这样的导游就没人投诉吗，怎么还能做得下去?此次出行不针对携程，只对是地方旅行社开心假期的文导游点评，景色很美，但是服务真的不敢恭维。,1
"这次旅游总得来说非常的糟糕，但是行程的导游非常负责任，毕竟散客团一晚上安排了10几个住处，非常不容易了！所以以下的评论并不是针对导游，而是糟糕的旅行公司和错误的页面。1.A,B线完全一样，并没有分别成团，整个团就是散客团，拼一段一段的旅程。所以选择B线两人游比A线贵了500，只体现在第一晚的住宿，第一晚住宿携程查的价格只有350一晚，所以建议没有必要升级，直接当天自己出去住就行了，500的价格在张家界已经可以找到不错的住宿了。2.因为担心2天长沙往返张家界太辛苦，就预定了这个行程显示到凤凰古城1小时40分钟的产品(只怪自己没有查，完全信任了携程)，11.30结束天门山游览，结果2:30上车9:00多才到酒店，比当天回长沙更辛苦。3.到凤凰的路上有旅行公司请的凤凰古镇的向导一直在讲解，粗略统计长达3小时，对于5.30起床去天门山森林公园的我们来说，严重打扰了休息。讲解的内容基本上是风水迷信，言下之意就是希望你购买银饰品，朱砂，佛牌等。这样的纯玩团简直比把我们关在购物点1小时更痛苦????????本着对携程的信任，所以跟父母出行的时候直接选了销量最好的产品，结果很失望！！！",1
不提五一黄金周人多这个情况，5小时车程，停4个服务区，400公里硬是开了将近八个小时。。出行两天半，坐车一天半,1
住宿条件与事实不符,1
出发时间太早每天都是七点出发，伙食较差基本没肉，有肉也是几片肥猪肉，酒店是民宿，导游缺少笑容及亲切感！,1
张家界的整体还好，凤凰古城简直就是催着购物,1
行程紧凑，无时游玩，人很多，没吃好，导游与其他游客发生口角，影响心情！,1
全程3天2晚，目前2天行程不到，已经换了3个导游，第一天，第二天都是5点10分集合，我们都是4点多就起床，本来心情愉悦，没想到，2天虽然行程满满，但可怕的事情发生了，看一个景点，换一个导游，压根不知道哪是哪，跟着哪个人走，我们像行李一样，被踢来踢去的，到处和别人拼团，一丁点的愉悦感都没有，还到处被人家团内人嫌弃，说我们是半道插进去，目前还不知道最后一天什么样子，这完全是旅游历程中最差的一次，真是丢张家界的脸,1
还行吧，虽然导游有点啰嗦，但还是挺负责的，旅行社也还行，旅途中虽有点小波折，不过很快就协商处理好了,1
价钱比较合理，行程的话三天有四个导游带，一个景点一个导游。,1
整体感觉就是坐车观光排队导游办事效率太低说话不清楚爱答不理,1
电话咨询态度不太好！一句你好都没有开口就一个字说！,1
风景是不错的，只是在整个路途中只有在车上让我们感觉到是有个导游的，下了车我们就像只无头苍蝇，自己去排队去风景区，下车后没有导游的任何讲解和带领，我不知道是不是这个订单中不包含导游带领游览景区，还是他的职责只是帮我们买票然后送到目的地，中途有一点点的不愉快，因为第一天我们上车的时候带着小孩走的比较慢，上车后坐在靠后边的位置，导游有说中途下车吃完饭上车还是坐原来的位置我们都遵守了规则，第二天上车我们以为位置是随机坐的，我妈妈晕车所以找了靠前排的位置坐下，结果导游一上车就让我们坐昨天的位置去，昨天导游说下车吃饭是不能换位置，没说整个旅途都不能换位置呀？我们都觉得有些不公平，凭什么就是因为先上车坐前排的就得一直坐前排，对我们坐后排的是不公平的，花同样的钱享受的待遇截然不同，我们说不公平，导游说不满意可以去投诉，不投诉就是牲口！这句话该是一个导游能说出的话吗？真的是影响心情！尤其是到凤凰古城一路都是当地的导游带领游览，让我们心里形成了个鲜明的对比，在张家界完全就是只无头苍蝇到处自己乱走一通,1
凤凰古城的旅程跟我想得不太一样，整个旅程不大累。,1
第一天的大峡谷由于泥石流不能玩了，导游就推荐自费景点，很生气！难道不应该换一个别的线路的免费景点吗！吃饭超级差，根本不是按照行程介绍的那样，菜的数量少了，也换成便宜的种类了，而且难吃的不行！跟团里的其他游客对比了一下价格，在携程上预定明显贵很多，不开心,1
没有按照行程参观天门寺和坐索道。导游带到云梦仙顶就让坐大索道下山了。,1
揣测了好多家旅游行程才选择的这家，忽悠！从长沙到张家界，行程晚上凌晨一两点才到达酒店，我也是醉了，这是最不能容忍的，描述的为啥就这么大差异！！路程也没有讲解，住的还是正在装修的宾馆~凤凰古城一路上还是挺不错的，夜景很美，走的很累！感谢讲解员一路随同指导介绍！因为是散团也比较理解！但是一个服务行业也应该业你们的服务态度！谁赚钱都不容易！我们也是赚钱花钱出来消费，希望能得到你们描述的服务吧，起码别忽悠人……,1
出来这三天里。小胖很细心的向我们讲解。对我们的住行十分负责。非常好。,1
天门山风景不错行程比较满意期待下一次。,1
还可以吧，就是全程不是等车就是排队的都把时间浪费掉了，,1
三天行程基本上都在车上，最后一天的凤凰古城来回开了十几个小时，就是到古城河边逛了一圈，两天住的客栈洗澡不是没热水就是没冷水，最后一天吃饭及其差，一车人都和导游建议不要去吃了，一路上不是拼车就是等人，浪费了好多时间，我也是醉了，人家那么多好评是怎么来的，我就感觉天门山这个景点是这次去的唯一价值了,1
餐餐吃水煮的菜，吃得太坑d(?д??)一天二十四小时最少有七八个小时在赶路，时间太紧凑了。晚后一晚最坑，洗澡的水都不热，有空调没有摇空器，晚上睡觉很冷。,1
跟团游，除了省心，其他真的很一般，特别是凤凰古城的住宿，一点都不好。吃饭真的很一般，团餐不好吃正常啊，行程大部分都有到，但是景点的讲解很少，果然是跟团不能太有期待啊。,1
因为导游时间被拖，没有准点去凤凰看夜景，晚上十二点都还没有到住的地方，也没有去成凤凰，酒店定在别的地方还要把本来是一家的人要分开，早上七点起床，晚上还不让睡，导游还在一直讲，十二点四十还没到住的地方，第二天还要六点集合，开的房子还是有人住的，在凤凰带着瞎跑，连地方都找不到,1
导游对大家的规划很不专业也很不守时虽然说是不进购物店但最后还是进了购物店感觉全程都在找导游导游一跑就不见了也没有给大家说集合地点和时间每次都是等了很久才等到她从后面过来,1
特别省心的一趟出游，完全不用自己考虑，有其它想去的地方，毛导还会给我们一些建议??贴心的姐姐,1
不满意。建议自由行，还有凤凰古城适合慢慢玩,1
这次出游真的是很想吐槽，导游还是很好的，讲解很耐心，对我们的出行也照顾的很不错。但是行程安排真的是很无语，第一天的时候到大峡谷玻璃桥，行程介绍上说活动时间是三小时左右，我们理所当然的以为就是包括大峡谷的游览了，结果告诉我们游览时间是半小时左右，不包括大峡谷，建议我们每人170元增加一个大峡谷的项目，也可以选择不去在车里待两个小时，既然都出来了，谁还会待在车里？第二天七点集合，本来行程介绍里是上午去天门山，然后下午去那个湖南印象买东西的，结果七点一大早就拉我们去了湖南印象，听了半个多小时的产品洗脑，不买东西的话服务员对你的态度真的是一百八十度大转弯……明明介绍里说的是二十分钟的时间，结果浪费了一上午！快午饭的时候才带我们去天门山，在车上又收费，虽然扶梯和鞋套的项目有说明是自费，可做可不做，但是介绍里没说过是必须做的吧？又告诉我们有一段扶梯是必做的，exm？大清早起来为的是开开心心去玩的，天气不好就算了，结果浪费一上午的时间让我们去买东西，简直心情差到爆！庆幸最后凤凰的项目没有让人太失望，卓泡菜很敬业，讲解的也很细致～总体体验很一般……,1
毕竟是旅游团，饮食、住行、行程安排等方面还是有所欠缺的。在这里说下我的感受，评论比较客观，希望能给网友提供参考。1.旅游团的张家界玻璃桥，不包含大峡谷，大峡谷风景一般，建议大家也别坐从山上下来的寻宝电梯，价格好像是35，就十几秒就下来了，感觉坑钱。2.该团最值得去的地方是张家界天门山（红牛鼠翼比赛点）去完大峡谷当晚的一个由冯小刚导演的魅力湘西晚会（需补100多元票价）3.凤凰古城古老的文化早已沦陷，附近到处是酒吧和周边，如果想要拍照的同学建议晚上灯火阑珊时和清早选景。4.该旅游团去天门山***天不包含午餐，建议大家前晚准备些面包。5.团会带你去一些购物的地方，大概3个地方呆一个多小时，没办法，毕竟旅游团，建议大家可以在等待期间逛一下周围的周边，风景。6.旅行无非是一个由自己呆腻的地方去别人呆腻的地方，无非是走走转转去一个没去的地方。所以总归来说，不是去一个地方好不好玩，而是跟一个相互有意思的对的人去共同一场有意思的回忆。7.哈哈，没给五星好评，没了15块钱回馈报酬，但为了你们玩好，无所谓了。8.我的微信Tgmanstyle，欢迎驴友咨询！,1
这个是湘当好公司组织的常规线路，我们夫妻二人报的是八月十四日的团，结果早上出发时本人得了急性肠炎，上吐下泻，腹痛难耐。上车立即向导游反应这事，导游刘青立即向经理电话反映后回复我：鉴于我们的情况特殊，可以脱离旅游团。第一天的费用已经产生不能退，第二和第三天的费用可以退回。我们觉得这样合理就半路签字下车，自己打车去医院看病了！回来后也没人和我们联系，我们自己去找值班的小李联系，小李说我们情况特殊，可以退费，但只能退回最后一天凤凰的费用，二人共计可退100元！原因是行程全部提前预订了～我们觉得公司这点做得很不厚道。出发时导游请示经理后回复我们第一天费用不能退，第二和第三天的费用可以退，我们认为很合理。然后导游又向全团成员说明这是一个组合团，每个人的行程都不一样，每天要重新组合的！既然是这样，经理开始的回复是正确的，第二和第三天的行程重新组合后完全可以把我们夫妻二人的费用剔除出来。可小李却反复说门票，住宿费，餐费，车费全部提前预订了～我们认为小李的话与经理的话不对调也与事实不符合～我夫妻二人花费几千元，一个景点也没进过。湘当好公司只退给我们二人100元！是否诚信是否坑人呢？,1
第一天是大概12点多到目的地的，下午的行程是大峡谷?玻璃桥，提一些行程上没提到的点。大峡谷的门票是不包含的138一位如果乘坐电梯下来的话是30一位，假如不想游玩大峡谷只游览玻璃桥的话只能4.40才进去了，这也是景区的规定，所以也不用异想天开的说700真的可以包含所有啦~.第二天天门山景区真的很棒，不过在这之前会先去一个特产超市，导购会给你介绍一个多小时吧，这有点烦，早上起很早听这些真的是。。到了天门山的时间也差不多是112点，排完队也是下午玩，这个景点值得去，缆车很棒。晚上会去到凤凰，看看夜景。第三天又是早早的起床，导游会带你转一转凤凰古城，坐坐船，感觉凤凰比较适合拍照吧，没有太大的游玩价值，当地人并不淳朴，想要穿民族服饰拍照的朋友们要有自制力，不要让她给你拍太多，会很难选，10块钱一张我拍了两百多块。。有点被坑的感觉。总体下来三天的行程大概要除去一天的时间坐车，因为凤凰实在是太远了，想要玩的更舒服肯定是选择自由行或者自驾游，不过这个团价格不贵该玩的也差不多都玩到了，性价比还可以。PS：关于酒店有的酒店空调会限时开放洗漱用品没有那么齐全建议自备,1
太差了，跟团出去就是吃不好，睡不好，什么都没怎么玩，，特别是在天门山的时候，就坐车上去玩了一个景区就坐索道下去了，什么都没见着。根本就不是介绍说的那样。。导游说好评给30块，我是真的不缺。就爆料下吧，建议你们还是考虑清楚,1
一下订单就被告知大峡谷跟大峡谷玻璃桥是分开的景点，大峡谷属于自费，叫我去看行程自费项目里有标明，标明是标明了，但行程明显是误导人。去了之后也交了大峡谷的钱给导游，想着反正去一趟也不容易，导游也说非常值得一去，结果大峡谷跟大峡谷玻璃桥也只验了一次票，走完玻璃桥直接从大峡谷走出来，就是一直走走走。住宿一般这都可以接受，团餐差的根本吃不下饭！看景点的时候走马观花赶死了，大把时间把我们扔进购物店，不买不看就干等着吧！只能说国内旅游一般黑！无力吐槽！,1
这次是来长沙玩的，抽出三天时间来嗨，起初想自己去，但是路线景点都不知道，在118114找了家当地旅行社的电话，怎么也打不通，无奈之下上携程搜，我们想去张家界，搜出很多，就挑了一个，想着携程的应该不怎么样吧，所以也会看好评才决定，关键看了差评，不过好评比较多，就抱着试一试的态度报团了，没想到从张家界玻璃栈道，再到第二天的天门山，第三天的凤凰古城，每个地方的景点，王导都一一进行讲解，有个别一两个景点是给我们找当地最熟悉的人带我们，她在后面陪同，从游景点还是酒店食宿的安排，都很细心特别的照顾每个人，王导的性格很直爽，说话也很幽默，这次的三天游觉得特别开心，特别值得。再一次让我相信，携程上只要挑对地方，服务质量都有保障，再一次感谢王导，给我们一次难忘的三天之旅，如果有机会，肯定会再找她，或者有朋友要到此地游玩，我会直接介绍她们过来找王导带队。,1
导游很尽职尽责，是为好导游，很是感谢！！！,1
我都很奇怪这个团之前怎么那么多人好评，我们去的第一天的导游姓彭，说是帮旅游旺季帮朋友旅行社的忙，说话各种牛气哄哄的，第一天啥事没干就坐车，然后车上让你各种自费景点，有的自费的是写在行程里的，我们也都愿意去，但是有些是没有写在行程里的，那么我们要是去了这个景点自然而然就占用了我们本打算去的景点的时间，但是事实就是这样，第一天的伙食更是没法说，还跟我们说是这几天的最高标准······不说吃不吃好，好多人吃完饭都去买零食了。饭桌上都有人开始说要投诉。行程各种拖拉，本来定好七点的最少拖到九点，然后夜里12点还不能睡觉。第二天依然是这个彭导，一大早就带我们去购物，行程里面是有购物环节，但是是从天门山下来之后，但是导游都没有征求意见，就一大早把我们拉到购物的地方，然后才去天门山，这样就导致我们中餐只能在山顶吃，但是又没给我们留时间。值得庆幸的是这个导游在山顶还给我们做了一些讲解，这点还是挺好的。下午下山换了新的导游，新导游姓覃，这个导游跟之前的就是天壤之别了，人很好，介绍很好，对于各种询问都很耐心，为这份旅途增乐不少。总体来说，景色还挺好，跟要好的朋友出去在哪都觉得温暖，但是要实事求是的点评这个团,1
遇到了人生中感觉最差的导游，景点没去到说都不说一声直接不去也不讲解，下车什么都不讲上车要休息了一直讲讲讲，永远找不到导游在哪里。明明他帮我们登记入住的打电话问明天行程他说不知道我们在那里问我们酒店名告诉他他回一句我从来没有听过这个酒店，大哥你帮我们登记入住的好么你逗我么？行程明明有很多景，结果都不知道自己看了什么，一直在被退钱，说真的也不差这点钱，坐这么久的车到那里随便看看就走每天起码5个小时以上的车程，行程说没就没，导游还自以为自己放弃个行程让我们直接错过芙蓉镇说都不和我们说一声，还觉得自己做的很对，大哥你是谁啊你有什么权利什么都不说就帮我们决定，是不是所有行程都不用管了直接听你的好了。凤凰九景我觉得只去了四个，也是不得了。反正我真的不知道能夸什么，一上车就说自己很走心的导游也真是以为我们失了智了。导游一直说自己工作量很大自己准备了几个本子厚厚的笔记，然而这样都不能做到让大多数人满意的话那是什么问题呢？还有想起来就气的是安排购物点安排就安排了但是去到后就像个大型传销现场不过说不定每个购物点都是这样吧，我也是第一次体验到去购物点听导购宣传被导购骂一顿的。我写够500字差评您是要问我要钱么？,1
坐车的时间太长，玩不到什么东西，吃的差，住的差，景点一般般，建议可以去国家森林公园，玻璃桥和大峡谷没必要去，天门山的索道可以坐坐，自动扶梯坐一半就行，可以多自行走走,1
怎么说呢，报团想玩好是不太可能，就是走马观花的看看，在凤凰古城的导游很负责，把当地的民俗文化，如何购物游玩啊什么的都讲的很清楚，但是前两天玻璃桥天门山的导游就一直给安利自费项目，天门山的扶梯是自费的，有两段，但个人认为没必要坐两段，因为从第二段下去就直接到天门山底下了，如果坐扶梯的话就没法看途中的风景，而且从第一段下去走台阶也很快。我们是坐了两段扶梯，因为导游说要坐两段才能下来，到了天门山连拍照的时间都没给，直接让我们坐景区的区间车下山了。还有学生票是可以给退钱的，区玻璃桥的时候导游说我们套餐里是全票已经出了不能用学生票，给客服打电话后面说给我们一人退10块，但是直到我们行程结束两天也没给。(由于第一天只有玻璃桥一个景点，我们就自费去了宝峰湖，最开始导游给我说之前买的学生票是120，后面又给我同行的朋友说是140，问她怎么价钱说的不一样，那个导游就支支吾吾的敷衍过去了。不过第二天的天门山给退了差价的。,1
在张家界和天门山的导游很好，行程安排较为满意，唯一不足是餐食质量较差，无可避免。但是到了凤凰古城，导游经常言语轻浮下流，黄段子频出。不仅如此，凤凰古城的游览走马观花，很多行程介绍的地方都没走到，以此节省的时间都花在了另一个不知名且行程没有涉及的地方上去了。虽然不知名景点没有花钱，但是这极大的影响了我凤凰古城的游览质量！！！不知道不知名景点是不是和旅行社、导游有某些利益关系！希望其他人能够把眼睛放亮，找到适合自己的旅游线路，不要像我一样，花了钱还被套路了！,1
是一次不开心的旅游，原来行程中安排的，只有一个小时的购物，结果早晨六点钟被叫起来就去购物。一直持续了一个上午，因此造成后面儿的行程非常紧张。到哪凤凰古城已经是夜里11点了，结果第二天早上六点半又起来饭也不给吃，就领了又去购物，九点钟才吃上早餐。而且导游有乱收费的现象。玻璃栈道的鞋套，应该是五块钱她收十块。玻璃桥的鞋套应该是免费的，可是她也收了十块。几天的旅游时间里，尽跑路了看景点的时间很少。I,1
房间差，你们自己看有????子爬……..我想多玩一下车子要走了，我三分钟就赶上了没有等我.！我自己买票坐回去的！！经过这次以后再也不会跟团游了，真后悔,1
相信携程才会去选择跟团去普陀山让母亲，好好的去，回来因为在山上摔跤导游第一时间没有把游客送至医院就医，导致手部骨折，撕裂差评,1
挺好的，有机会还会去的,1
"超级**的一次体验，去了之后，很多景点都没有去，整个行程跟赶场一样，感觉比上班都要累，有些景点问导游，怎么网上看到的景点都没有，导游告我，天黑了，去不了了，我也是醉了，然后后面就不了了之了，后面遇到一次更改套餐的事情，差价应该是60块，导游很搞笑的，跟我讲，只退你40，平台还扣他20,，我也很蒙，整个感受感觉就是，被携程卖给了一个黑导游，后面住的酒店也很搞笑的，跟实景差距相当大，整体感觉再来，比自由行差了很多……",1
根本不是纯玩团，跟宣传的不一样，够骗人的，三个线路拼一起走。劝大家谨慎报团,1
这个酒店和产品里的图片真的差的不止一点点，进门就是房间，4平方，差到不能忍到明天评价！,1
非常差，这是我跟过最差的团,1
导游讲解非常耐心，指导到位，有交通工具到各个景点，就是民宿有一点挤，楼下酒店有小强。海鲜特别便宜，蔬菜价格较高，值得下次再来。,1
化太岁和功德圆满金都是把钱交给导游，感觉这个操作不合规，正规流程不是应该我们自己来操作的吗？,1
在携程下了订单然后跟团去旅游，A线需要9个景点精装客栈，B线11个景点海边客栈，C线12个景点海边精装客栈，我选择了B线，但是全程跟A线的景点以及住宿都一样没有任何不同，但是价格上却不同，A线房差是60元，B线房差是70元，当时问导游，导游说居住的都一样，问携程客服说住的地方不一样，本人很费解为什么住的地方一样房差却不一样，还有就是行程单上的行程多花了钱但是享受的景点却没有任何不同，导游说他也不知道旅行社怎么安排的，同行中的旅客选择c线和我的情况一样住的地方以及行程都和A线一样，同行的另一位伙伴是在**下单的住的环境是全季酒店，和我们的居住环境完全不一样，我住的当晚就有三个大蟑螂，以及小虫子，三只还是一起出现的都很大只吓得一晚上没敢睡觉，所以大家下单还是去**下单吧划算一点，至于中间出现的问题不知道是携程的问题还是旅行社的问题，总之很烂的一次旅行，去了很多次了真的很烂,1
***，酒店一般，导游负责,1
很差劲的一次体验，和宣传手册上差很多，住的地方尤其的差，价格还贵，行程上很紧凑，说是20人团，最后是50多人团，很不方便,1
整个路程下来感觉都很好，导游很幽默很耐心，唯一不开心的就是岛上虫虫家，服务员看点菜少，态度极其不好，还说一个人要点4个菜，还不让进屋，果断的选择了其他家，岛上有很多家餐馆，大可不必选择他家！,1
讲好6点40分集合，7点准时发车，但是车子7点45分到的车，到车之后，驾驶员也不熟悉业务，8点多还没发车。人民广场接车的导游态度也不好。住宿也不好，外面的空调外机像拖拉机，吵的睡不着觉。床单枕头都是污渍，一点也卫生。,1
1、导游于导，人很有经验，知识丰富，就是行程安排讲解方面略有些拖沓，例如法雨寺这一站，大家都非常早起很早赶到了法雨寺，那个时候人还没有很多，然后导游在外面讲了快15分钟，才开始带大家进去，还要请福，绕塔等等，这期间已经很多比我们晚到的团已经进去了...里面已经就开始人山人海拥挤了...然后进去里面每一层又得重复一遍，个人觉得完全可以分开一步一步讲，这样或许更合理。 2、吃饭方面，基本上这边合作的团餐是在码头的余记，非常建议不要吃这家团餐，极其寡淡，量也不够，几乎全是素菜，荤菜也很水...宁愿自己点也不建议吃团餐，码头有很多餐厅，自己去找饭吃更好。我们去程自己解决吃挺好，返程买了团餐，以为是在岛上餐厅吃，结果没想到是码头的余记...如果知道是余记肯定不会买团餐！3、另，岛上的晚饭，可以考虑去虫虫xx对面的山水花园酒店餐厅吃，价格和虫虫xx差不多，但是环境服务各方面好很多，可以看下付款有无代金券优惠。4、第二次来普陀山了，感觉这次来比上次多了很多额外的自选项目（祈福拜拜相关的），希望不是说坑游客骗善心就好唉...提醒大家很多地方都可以买香，游客很多自备的，山上也有很多卖香的。,1
我啥也不想说,1
这个团的行程很赶，很累，基本五点多就起床然后出门，一路都是走路上山，累成狗，不建议老年人参加，因为我这个年轻人都觉得累，还有当时我们包的是有团餐的，结果第一天去了那里，厉害的，就给我们一个人一个盒饭，而且量少的来，女孩子都吃不饱，最最最想吐槽的就是那个名宿，三个字脏乱差！！！一开始导游和我们说住的名宿可能很小，我想小就小没关系只要干净，没想到进去吓死人，电视机是坏的，我们二个人，拖鞋只有一双，卫生纸也没有，窗帘竟然是发霉的！电热水壶坏的！真的是一言难尽，那天连澡都没有洗，从来没住过那么差的民宿！还有所谓的包早饭，就给你一个白馒头和一个鸡蛋，你喂小鸡呢？！更离谱的事这个名宿下面就是吃饭的地方，导游和我们说再下面吃饭能保证我们，去其他地方吃饭她不能保证，结果信了她的话再下面吃了，结果一个炒鱿鱼竟然要372块！！被坑的无话可说！这个团也不是廉价团，竟然那么坑人，吃的差，住的差，我介意大家还是自由行吧。,1
住宿条件差，门锁坏，卫生间漏水，积水！无法给予换房！,1
行程礼佛时间太少推销购物时间太长住宿因为价钱便宜也只能住这样的地方 ,1
没有导游，没有服务！说好12点到的，到现在（晚上近7点了）还在舟山大桥上，有客观原因，司机不熟悉路况也是主要原因。为了安全，没有与司机交涉，整个安排，应该也不是司机的事，携程给个说法，否则到消费者或相关媒体投诉。,1
不知道是清明节还是什么价格贵了，去年的300多体验的都还不错，今年的六百多房子也还是那种农家乐，今年的导游一般般吧，行程安排的也一般般，不算很满意，第二天去的地方我没起得来，我睡醒打电话过去她既然说没来吗我都不知道？？队里少一个人都不知道吗？有这种不负责的吗？最少打个电话吧。还是去年的刘导游安排的好。,1
整体流程没有问题，但是被导游忽悠买298一盒的香，还有人买了近一千的，福袋100一个，送3年什么小人330，这些都是额外的花费，另外这个民宿/客栈的环境太差了，女朋友都起疹子了，反正下一次我是不会报这种团了,1
一个团游客比较多，花费购物有点多，高消费，并且住宿条件一般，本来说好的大床房，最后给安排了标间小床。不做推荐。最后吃饭没吃几口，菜做的比较难吃完全没有胃口,1
导游全程表现点到为止，讲解也是一般般。,1
行程拖拉，也没比自行出游便宜，住宿是合作的民宿，到七点多才安排到住宿地方，房间一般，没办法还只能在民宿那里吃饭，吃住一体，可能这就是跟团吧,1
感觉很可以哦,1
总体来说不怎么样，暗消费比较多，想到来的是普陀山这样的地方就不计较太多了,1
行程满意，导游讲解的也很详细，就是住宿体验太差,1
房间小，住宿条件差强人意,1
普陀山之行，郭导还不错，回来车子坏在杭州湾大桥过了一个多小时还没车子来接，从看日落等到外面乌漆嘛黑，司机也没给个交代，也没说什么时候有车子来接，慢长的等待,1
极差的体验，第一次见到这么差的团，刚启程，就后悔。,1
这次过来，2个小导游很可爱很漂亮，讲解和服务都很好，不啰嗦，不拖拉，干脆利落，一路过来导游还是很满意的，唯独住宿不好，太吵了。,1
车子坏在杭州湾大桥不闻不问，一颗星都不想给,1
旅行整个安排很好，导游认真负责，讲解到位。住宿除了房间小点，整体还是蛮干净的。跟团旅游省心省事。,1
不太好！！,1
弘扬佛法，行程圆满，服务到位,1
住宿最差的一次、服务最差的一次,1
还不错一直想去的,1
王导很专业，满满的正能量。安排得紧凑却有秩序，点个赞吧！今天中午这顿团餐，我们全体拉肚子！怎么回事？对饭店没有额外要求，最基本的卫生也没有吗？请导游关注是否还有其他旅客拉肚子。导游本人服务是可以的，希望这条评论不会令导游难堪。,1
住宿太差，香火贵了好几倍,1
总体评价还可以,1
导游在调剂安排时不顾游客的个人感受,1
只能讲一般，有点乱，农家乐住宿差，朱导还行，回程从1点30到7点半到达上海南站，有点无语，跟团游不靠谱！,1
出发是从松江上车，客服人员通知7:40等候，7:50发车；结果车7:35到了（正好在附近的卫生间），然后司机就态度不好，还说耽误了行程；路上还在反复说由我们耽误了行程；后来住宿调整了，但是早餐却分三六九等，给我们的是儿童票（早餐不含鸡蛋）；整体来说不怎么满意,1
除了佛顶山是自行前去的，其他想去的寺庙行程中都有安排，小郭导游带队，讲解得很好。对住宿和膳食不是很满意，而且同个团队的小伙伴问了几个都是400多订的，有个跟我订了一样的含餐团，***网只要400多，我这个600多估计是全团最贵的价格了。很迷……我往后翻了两个月都没这么高的价格，感觉很坑。,1
导游讲解细心周到，较前几次相比，这次住宿条件差一点路程远，要多花二十车，本想下船买些特产什么的，让路过服务区在买，省钱了，最后还是要感谢导游送的小礼物,1
导游服务很好，住的地方差劲，晚上吃饭的地方是虫虫小筑，饭菜很贵，贵就贵但是很难吃！,1
百忙之中规划了舟山普陀岛两日游。在携程网站报名舟山佛海旅行社。兴致勃勃的去了被骗了。周五早上从上海到普陀岛，应该周六离岛回上海，正好赶上了17号台风，旅行社说周六停航如果周六必须回上海就得周五当天提前离开普陀岛周六才能从舟山回上海。只好与一部分人提前离开，到了舟山。结果周六旅行社说高速封路不能回上海。只能周日与普陀山回来的人一起回上海，延误一天。非常非常坚定的相信了旅行社。没想到同游的人竟然看到滴滴打车能走高速。就是说高速有一个桥，大客限行，其他车辆正常行驶。而旅行社为了一次性周日一起接回普陀岛和舟山的人，周六就谎称封路我们这些放弃普陀岛旅游的人即使已经到舟山也不接我们回上海。我们只有四个人，随便一个车都能把我们送回上海，但他们就是假借台风名义，谎称高速已经封路。实在没想到在舟山这个全国闻名的文明城市里，竟然有这么“文明”的旅游项目。听说过靠山吃山靠海吃海，没想到舟山佛海旅行社，竟然把台风开发成了赚钱的又一个项目。,1
因台风原因，并未出行，但系统没有提示，只有一个号称旅行团的人致电过来说行程改期，无法核实，携程也没有任何的提示或是告知，事后在app的订单上也没有任何的行程调整，体验非常糟糕！,1
我们这次出去总的来说很满意，吃的住的，整个行程都是真的好满意，很满意，比我想象的要好，西城这次组织的不错，导游也不错,1
史上最差旅行团！！！没有之一！！！整个行程安排乱到极致！两位导游，一位男的导游姓毛，算是总的领队，另一位是副导游，女的，两个人带一个并不算大的团队，都带不好！游客在行程中都预定了住宿地，但晚上到达后，当地民宿却一度为住宿房间为难，整个行程全部以参佛为主，其他一个景点都不逛，我知道普陀山是佛教圣地，但并不是说参佛结束的游客其他地方就不玩了，但导游却一门心思带着大家紧赶慢赶的上山参佛，完全不顾队里的老年人是否跟得上，两位导游估计是家里没有老年人的吧，或者从来带团队里都没有老年人，否则不会这么像赶集一样！！整个行程吃饭时间也是醉了！！每次吃饭时间不到半小时，餐厅里吃饭的人很多，排队买饭就要占用一大半时间了，到吃的时候基本就是狼吞虎咽！！连上个厕所或者倒个茶的时间都没有！！我们之前也跟过好几个旅行团，但没有一个像这样的！！！如果要用节假日来找借口，那么去年我们十月国庆节去了江西婺源，整个行程的导游洪涛一个人管理安排ABC三条线路，而且行程也比较复杂，都没有像这两位导游一样！！最后再说一个很搞笑的地方，这么差的旅行团居然还要我们写好评，条件是送我们一串佛珠，我们稀奇你这串佛珠？！,1
导游讲解不错，风景也很好，车队太差，差一分钟不等人，导致我们自行前往。,1
第一，导游很赶时间。第二，可以看看景区里多处放有的提醒牌。整体感觉很一般很一般很一般。但是景点还是可以的。,1
整体一般般，团嘛，期望不要太高，该坑的地方，总得坑点。负责我们的两位导游，一个黑脸，姓赵，负责讲解和凶人，风格是，你们都闭嘴，给我听好了，我说过的话不要让我重复第二遍，一个白脸，负责后勤，挺温柔的。行程比较赶，诚心拜佛的，想多看看风景的，不建议来。强制消费是没有的，虽然有引导，有诱导，有威胁，有欺骗，但是没有强迫。有个很有意思的事，第二天行程走到一半，到了集合时间，去报到时，赵黑脸会给你一个劣质塑料手链，然后命令你打开携程app，当着他的面打五星好评。当时我想，1原来刷分这么玩儿的呢，2我如果拒绝，我会不会被针对？当你们看到这篇点评时，我还活着。我骗了他们说已经给了五星好评，然后偷摸的记录了他们的恶行……,1
赵导讲解的很好。就是住宿不满意，我一个人住的，当初在付团费时房差就补了，结果住的不是网上订的虫虫小筑，说是虫虫住满了，把我带到另外一个不知道哪里的名宿，房间很小，只能一个人住，卫生间头也抬不起来，还漏水。来过三次普陀山了，这次住的最差。,1
不满意。由于开鱼节，我们被安排提前一小时离开岛，那为什么不能提前巴士发车？解释说是一切都要按照时间点来。那为什么还要安排逛购物点？还说不吃团餐就要去购物点。这不是强迫购物嘛？总得来说可以，最后这个安排实在是一塌糊涂！,1
旅游团按排的太差，导游讲解不尽责尽力，随便讲一下，不跟团讲解，自己在门口休息，不???导游客如何烧香拜佛，一个非常不称职的导游!,1
给爸妈订的团，行程和游乐项目他们基本满意。住的民宿客栈太差了！回来就给我脸色！,1
感觉被忽悠了，说什么海景房住宿，全***的。,1
王导（穿着绿色披肩，景点讲解的那位）还不错的，一路都比较负责。徐导游就一般了。路程中该有的套路都有，但是不强迫，也不会因为你中不中招给你看脸色，反正王导工作很负责最后从紫竹林走回码头，王导让徐导带我们走过去，徐导游把我们拉到边上说了路线就让我们自己走了还有准备回上海大家上车，碰到素质差阿姨jinmin，她的前座把椅子放倒让她没法坐，她也把椅子放倒让别人没法坐，一开始好好和她说她就态度特别差，典型“自己不好过让别人也不好过”，还不让人说她素质差，做人的基本道理都不懂就不要出来了，别人素质差你不能素质差啊？笑死人了。话讲不通想找导游协调，导游根本不管这事也是醉了。,1
这次出行的感觉不太好，1.此团中老年人巨多，刚出门的时候就已经觉得拖沓，于是自行离团了，小交通20块和回来的船票30块都是自己支付的，也就算了，我少50块也不会穷，他们多50块也不会富，只不过挣这样的钱不知道会不会昧良心。至于行程安排不知，导游讲解也不知道，故不做评论。2.住宿。住在巨远的索道民宿，房东和饭店的服务态度奇差，点菜的时候第一次看到服务员对着顾客凶，如果在上海，这家店大概开不过一天，番茄炒蛋28，不知名的鱼95一斤，花菜28……味道还可以，态度不是一般的查；再说住宿的地方，还算干净，其实一夜安眠都也不会有差评。我是不跟团，一大早大概6点多就是声音巨大的砸门声，不知道的还以为土匪来了，实在恐怖，可以说是惊魂了，隔音也差，本想睡个懒觉的，也只能在巨大的砸门声中惊醒。打开窗帘房东竟然在楼下向我房间内观望，有种被监视的感觉，甚是恐怖。另外，民宿不提供毛巾，真的是……当然提供了我也不会用。总之，此行除了我自己走的行程和拜的菩萨比较顺心之外，其他的也就只能呵呵了……还有刷牙杯不干净，幸好出门有带洗漱用品的习惯,1
总的行程安排比较空闲，有点浪费时间，导游讲解比较全面负责，最不满意的是住宿，行程介绍是如愿精品客栈但是实际入住是如意客栈，问过导游解释是同一家，这个解释我也是醉了，行程介绍靠海精品客栈，什么靠海，压根看不见海，而且房间很严重发霉味儿隔音也极差，携程本来很信的，这次真的很失望,1
上了车导演都没有安排好，好多位子都没有人坐，都说有人，一会叫我去后面坐一会叫我去前面坐，站了很久都没有调出来，过了很久终于调出来了，让我坐下来了，最后面一个乘客上来了又说位置是她的，还说站的位，和导游说好了的，就连导游也欺负我还说我年轻非要我坐到最后面去，我本来就晕车，还让我最到了最后面....,1
元旦拜佛、天气好、气氛浓郁。但是导游的组织能力不够、拜佛时间20左右、出来等团队人员时间20分钟以上、有时等半小时都有。虽然根本原因是团队人员不遵守时间、但是作为组织人员应该具有对应方法。每次大多数人等那么几个不遵守时间的人而耽误时间。刚开始还想“大家出来玩不容易。理解理解”到每次等时间的延长、最后的忍无可忍了。一分钱一分货、便宜没好货、这句话是真理。,1
风景不错行程还是比较空余住宿不是很满意,1
预订价格高出同时期其他报价不少，但食宿却很一般。,1
一次十分糟糕的跟团体验，主要问题如下：1、住宿环境存在虚假宣传：实际住宿环境和网站上挂出来的照片有天壤之别，住宿房间十分狭窄不说，关键很脏…房间和卫生间有蟑螂和大型蚂蚁，床头柜和电视柜上都是灰，杯子和床单也有一股霉味，完全就是很差的那种农家住宿2、导游让买的香火贵的离谱：导游带我们去一家商家买的香超级超级贵，200支一盒的香居然要298元（一支香要1.5元…），一对小香烛要198元，当时没反应过来，后来去了寺庙里的法务流通处才发现原来200支左右一桶的香只需要30元，真是被那商家和旅行社狠狠的斩了一刀3、该退的款没退：行程包含了3次岛内公交费用，从南海观音回码头原本是应该做公交的，导游说路比较近，等公交的人也多，建议大家走过去，说选择走过去的会每人退5元，于是就选择走路过去了，但之后导游却迟迟不提退款之事，每次问导游都说是过会再退，但直到最后乘上返程大巴时也一直没提，于是再去问导游，这才给退，导游说他是忘了，所以最后其他没有盯着导游退款的人都没有拿到退款，我们团选择走路的预计有20人左右，这部分该退没退的款项是不是导游可以私吞了？所以导游到底是真的忘退款还是故意忘记就不得而知了4、导游的讲解简略,1
这次行程安排很好，导游小李，小陶很负责。就是住宿的房间较小，不是很干净。,1
我是跟团二日游，店家表明没自费的项目，处餐费自理外。但在第一天就让我们自己买车票十元，一共二次二十元，还有去法雨寺门票是自己买五元。个人认为店家信任度不够，既然没自理的旅游，为什么会有费用产生？？？有点遗憾！,1
超载站了一个多小时，问司机就说10分8分。坐在这种车上真是拿自己的生命开玩笑，被骗,1
住宿太差了！不过普陀山的景很美，香火很旺盛！只为祈求，所以就不要要求高了！导游有的时候找不到～不过大巴车很好,1
天气太热了导游讲得比较啰嗦总体还算可以吧,1
感觉很一般，行程安排得一般。可以走更多景点的,1
喜欢赵导，下次换个旅行社。酒店不行，5点起来看??。挺赶的,1
坑！！之前玩的还挺好的，虽然农家乐插座门都是坏的，因为导游不错就忍了，but回程就没人管了！说好的1点集合1点30回程，车一直不来，也没有人管，30多度我们几十号人站在太阳下一直等，导游也不告诉确切时间，就让我们晒到中暑！等了40分钟，车好不容易来了，车上莫名其妙多了人，导致我们没座位。上来一个旅行社的人发脾气，还吵架，还砸东西，还赶我们全下车！！全车人都燥起来了，他说投诉好了，然后就开始踢***桶示威，还骂人，说你们花这么点钱还想干嘛！你们是来烧香还是扯犊子的！！我只想说我们不是花钱买气受的！,1
房间非常差，隔音差，门已经在里面锁了睡觉，打扫房间的人是可以自己拿钥匙开门从外面进来的，看到里面有人，嘴巴里就说了句原来有人的，一句对不起也没有。半夜甚至有人开窗。房间根本没有评价的那么好。其他用车和导游都很好。三颗星全是给他们的。,1
民宿条件一般，连吹风机都没有，被褥也不是很干净，特别是吃饭太坑了，在岛上导游推荐在哪里住就在那里吃饭，我们听了，结果一条黄鱼三斤二两花了四百块钱，我们两大一小，吃了一条黄鱼和一盘贝壳，花了近500块钱，鱼还没有确认就摔死了，实在太坑了，老板还很凶，一晚上跟四五个人吵架了。导游介绍还可以，态度也挺好，行程有点赶，下次还是自由行吧。,1
导游带去的餐馆卫生条件实在不敢恭维，说出来真让人***，早餐鸡蛋上还有鸡屎，我让老板给换了一个，但还是没有吃。临近桌上有个女游客，说鸡蛋臭了……真的很***。（导游说这个餐馆跟他们有合作）,1
行程用车和拼团两个问题让人很恼火。车太差，座起来超级不舒服，从上海出发，去程有堵车，回程基本不堵车，单程平均6个小时，并不是宣称的4个小时，司机态度很不好，停车场让开下空调，说是开车以后才给开，都快把人闷死，此外车上卫生极其差，我座位前面还有别人吃剩下的***，更加郁闷的是，车座位安全带有缺陷，去的时候安全带少一节，回来时还得自己拴上，不是扣进去；拼团严重，本来一个团就很大，到最后将近50来个人吧，评了好几个团队的人，我看导游都快累惨了，旅游公司简直是太没有人道主义了。住宿，农家乐，别叫什么农家乐了，我加了价钱，住单间，结果在一个餐厅二楼，没有窗户，满屋油烟味道，上厕所的马桶得侧着身子蹲，否则进不去。这就是现状，自己还要掏车费从景点到农家乐，不爽。,1
先说这趟旅行介绍的详情里面标明押金300，结果旅途实际为押金500，还不能支付宝，只能微信。详情里滑雪五件套包括：滑雪服，滑雪裤，雪靴，雪板，雪仗，但是头盔，护目镜，手套要另租，一起是60块钱。有近视眼的朋友，要么滑之前戴隐形，不然护目镜根本框不住眼睛，非常鸡肋，根本用不了，这些细节提前没人告知????‍♀️……然后再说说行程安排，第一天去往木鱼镇酒店入住前，会先带我们去拿滑雪服，裤，头盔，护目镜，手套。大巴那个人座位就那么点，每个人的行李也不少，那一大坨滑雪的东西根本没位置放，车坐的难受????第二天滑雪安排，3个小时根本滑不到，水分大，我们第二天九点20到滑雪场停车口，导游说12:20必须集合在车上，也就是说这3个小时从大巴停车开始算起，我们真正滑雪时间也就2个小时，如果朋友们只是去拍照也就算了，如果是真心想滑雪就很亏，大老远从武汉来，路上奔波，就安排这点滑雪时间？？安排很不合理好吗。,1
全程的跟团导游还算负责的，挺辛苦，给她个鼓励吧。景不错，餐饮有特色管够………尤其要提醒各位的是，尤其是上到神农祭坛的时候，看看景色就好和感叹大自然的鬼斧神工，还有强大的祭祀传统文化魅力就好，其他活动真心不要参与。呵呵，跟上转场的当地导游，听讲解就好，没必要像学生一样乖乖去做一些事情。敬畏大自然，敬畏所有宇宙未知神力，保有我们初心就好????,1
一直都在大巴车上，晕车的人会比较累,1
冲着三峡大瀑布去的，突然就去不成了说是临时检查旅行社也不给改签车票把一堆人扔在火车站就走了在火车站硬座五个小时吃饭需要另外收费每人一餐40除了吃的还行对此次旅行真心很失望,1
跟团没太多意思，最好自驾去玩，还是很不错的，但是路有点险，全是盘山公路，新手司机就别考虑自驾了，太危险了。滑雪不错，很好，值得推荐,1
去玩的时候还好，因为车票是你们旅行社订的嘛，去的票订的早也就算了，回去的票定在了八点十分，然后回去的时候6点半就到了宜昌东车站，当时改签的时候我给导游打了电话，因为想要提前回家，所以准备改更贵一点的提前的车，导游说旅行社会把原来的票价票按原来的付款渠道还给我，一个星期之内就会还回来，结果到了现在也没看到把原来的钱还回来，想当于就是自己多花钱买票回家，所以我提醒其他看到这个的人注意，这个旅行社有点坑的,1
行程上安排不好，武汉这边到宜昌11点就到了但是导游那边1点车子才能来，周围又没有什么可玩了逛的，傻呆了两个小时，然后滑雪时间实际只有2个多小时根本没有玩好，回来动车时间也比较晚改签沟通了半天，要讲几次废话觉得沟通得累,1
强制租滑雪装备,1
滑雪行程还不错，司机师傅也很给力，比上次去时要快多了，导游讲解很一般，语言组织能力都没有，嗓门很大，完全不考虑车上乘客疲惫的旅程，出门玩就是为了休闲度假的，又不是老年团。,1
除非是冬季滑雪，错误的时间过去就剩下两个字，无聊,1
还行，就是订票有些不合理，故意订的太晚了，另外一个旅行社的滑雪时间是5小时，结果回来的比我们还早半小时，行程不合理,1
旅游线路感觉一般吧，不太满意的是导游订的团餐味道不好，而且导游有误导要大家加入团餐，说在山上吃的东西很贵，随便点个青菜都要三四十元，荤菜就更加贵了，事实根本就不是这样的。,1
总的来说还好，就是去乘动车时没赶上车，而联系当地的旅行社竟然不给改签，因出不了票所以自己又不能改签，到后来自己额外出钱又买了一张票，到达后又打的士一路紧追才上团车。孩子买了票也没给座位很让我不满。回来后***退了小孩的座位票给我。大过年心情好好的整得我一头包,1
春节去玩的整体来说两天一夜最期待的是滑雪最好玩的就是滑雪感觉除了滑雪其他时间都在坐车虽然还参观了情人泉完全不怎么样遗憾没到最大的滑雪场天气原因改了行程不值抱团的价避开节假日玩应该比较划得来毕竟什么吃的都不包只包了一个早饭滑雪的时间还不及坐车的十分之一坐到屁股痛了好几天才缓过神来,1
此条旅游线路的游览时间只有半天，其余时间都是坐船坐车，比较浪费时间，酒店早上还停水了，无法洗漱。如果游玩时间比较紧，不建议选此线路。餐很简单，105三顿另付钱。,1
整个行程几乎都是在交通工具上，坐动车，坐船，坐大巴车，真正玩的时间就半天。第二天回武汉的动车票是晚上9点半的，回到武汉都晚上12点过了，太晚了。行程无任何亮点，都是5个小景点，连神龙架的招牌神农祭坛都不在行程中，来回武汉花了将近一天的时间，景区参观加起来不到3小时，有种被忽悠的感觉，别人问我都不好意思说去过神龙架还有不包伙食的，要交35元每人每餐，第一餐就是船上的食堂盒饭，菜很差，吃完之后盘子就放那种***桶里。晚上和第二天中午在木鱼镇一个食堂吃的，还过的去，住的神龙山庄酒店还可以，酒店早餐也可以。乘船有2层，一层大厅免费的，但靠窗的位置一桌100元，二楼一桌180元。同样的行程，同一个团的，在途牛网预订的就要便宜几十元。携程就是贵。,1
预定的时候概要上面写的车程6个半小时，结果每天的车程都不止6个半小时！！！都坐疼了。这也就算了，每天的团餐都是冷的，唯一的热菜鱼火锅里面的鱼还是死鱼做的。导游看起来很尽职，但是说实话能力不够，处理问题很混乱，经常不说集合地点，弄得很多团友吃完饭以后到处在街边找车子，而我们却坐在车里面等他们等半个多小时。,1
时间安排成问题，各种等待，各种坑。早上五点起来说滑雪场排队。可等导游等了2个多小时。导游素质成问题。因为没有吃40/人的团餐。被安排到比别人差的酒店。气愤。,1
"在宜昌市区到座船的路上导游说两天的中餐和第一天晚餐不包含在团费里面，可以自己在外面吃，但是得快速解决，因为时间行程紧不能让其它人吃完的都等你还不一定吃得好，如果导游安排就是35一餐，三餐一共105一个人,说每餐都有火锅都当地的特色菜，绝对比你在外面吃得好。导游都这么说了，也就只能交钱让导游安排了。11点上船后就开始发午餐35元就是青菜+胡萝卜炒肉，吃完后船还没开继续等等等……原定11:30开的船一直停在码头问导游说为什么不开船，导游就说还在等几个人12点不到准时开船,过了12点全船的人都在催开船，终于那几个人12:10赶上了船，晚餐八菜一汤只有一个汤是肉菜其它都是素的，可能由于大家都饿了也就没介意。第二天中餐实在是忍受不了啦，10人一桌，每人35，一桌350元，就7素1肉1汤，大家都在骂。吃完就往码头赶，原本以为全程无购物挺好，结果在回程的船上还是有购物的环节。傍晚到了宜昌三峡码头，导游又说如果大巴走市区到宜昌东站就得100分钟左右，如果走高速就只要65分钟，但得给司机15元的过路费，好吧不给大巴司机这15元车还不开了，只到把这15元过路费收齐了车才开",1
神农架景色不错，但旅行社服务不怎么样，第一天武汉的导游订的九点多到宜昌的票，宜昌的旅行社要求八点半到，还让我自己跟武汉的导游联系，被推来推去；山上的酒店服务也差，早餐发鸡蛋也不告诉别人鸡蛋烫手，不小心掉地上了让再给一个，服务员说发不发要看他的心情；家人晕车让司机帮忙打开后窗也遭到拒绝；第二天回程推销茶叶，不买就给脸色看，感觉携程合作的旅行社砸了携程的招牌,1
预定的两天行程，结果因为什么兴山县修路不让旅游大巴车走，硬是把我们在游船上困了3个小时左右，导致第一天哪里也没去成。第二天本来游玩后，本来时间很充裕，去火车站坐车根本不要赶，结果又是因为道路的问题，把我们在路上困了1个多小时，好在让我们在开车前十分钟到达宜昌东站。本来两天的时间就不多，可是在路上就被你们这样浪费了四五个小时，我不懂你们安排行程前为什么就没有掌握好路况。总之这次的游玩，让我觉得不是在车上就是在船上，没有旅行的感觉。,1
"風景不錯,行程安排也行,就是酒店不太乾淨,回程火車票安排太差,七點就到宜昌站,給的是9點多的票,還告訴我們滿座了只有這個時間,後來我自己去改簽是還有一堆其他車次的",1
